413.0035819026778086,0.0000000000000000,-718.7523446670240901,-240.5124909453453199,218.2508359141882579,134.2128477998793699,23.5728627195053662,351.3881891845387031,0.0000000000000000,0.0000000000000000,0.0000000000000000,0.0000000000000000,0.0000000000000000,-799.7322362012181429,503.6469367363611127,-279.5726403664618829,0.0000000000000000,-370.1284545883279407,32.6866517333338322,0.0000000000000000,0.0000000000000000,0.0000000000000000,0.0000000000000000,0.0000000000000000,-396.1573577004664912,-25.1610405043905700,-117.6392178805129305,102.5359089244040831
-413.0035819026778086,0.0000000000000000,718.7523446670240901,240.5124909453453199,-218.2508359141882579,-134.2128477998793699,-23.5728627195053662,-351.3881891845387031,0.0000000000000000,0.0000000000000000,0.0000000000000000,0.0000000000000000,0.0000000000000000,799.7322362012181429,-503.6469367363611127,279.5726403664618829,0.0000000000000000,370.1284545883279407,-32.6866517333338322,0.0000000000000000,0.0000000000000000,0.0000000000000000,0.0000000000000000,0.0000000000000000,396.1573577004664912,25.1610405043905700,117.6392178805129305,-102.5359089244040831
-413.0035819026778086,0.0000000000000000,718.7523446670240901,240.5124909453453199,-218.2508359141882579,-134.2128477998793699,-23.5728627195053662,-351.3881891845387031,0.0000000000000000,0.0000000000000000,0.0000000000000000,0.0000000000000000,0.0000000000000000,799.7322362012181429,-503.6469367363611127,279.5726403664618829,0.0000000000000000,370.1284545883279407,-32.6866517333338322,0.0000000000000000,0.0000000000000000,0.0000000000000000,0.0000000000000000,0.0000000000000000,396.1573577004664912,25.1610405043905700,117.6392178805129305,-102.5359089244040831
-413.0035819026778086,0.0000000000000000,718.7523446670240901,240.5124909453453199,-218.2508359141882579,-134.2128477998793699,-23.5728627195053662,-351.3881891845387031,0.0000000000000000,0.0000000000000000,0.0000000000000000,0.0000000000000000,0.0000000000000000,799.7322362012181429,-503.6469367363611127,279.5726403664618829,0.0000000000000000,370.1284545883279407,-32.6866517333338322,0.0000000000000000,0.0000000000000000,0.0000000000000000,0.0000000000000000,0.0000000000000000,396.1573577004664912,25.1610405043905700,117.6392178805129305,-102.5359089244040831
413.0035819026778086,0.0000000000000000,-718.7523446670240901,-240.5124909453453199,218.2508359141882579,134.2128477998793699,23.5728627195053662,351.3881891845387031,0.0000000000000000,0.0000000000000000,0.0000000000000000,0.0000000000000000,0.0000000000000000,-799.7322362012181429,503.6469367363611127,-279.5726403664618829,0.0000000000000000,-370.1284545883279407,32.6866517333338322,0.0000000000000000,0.0000000000000000,0.0000000000000000,0.0000000000000000,0.0000000000000000,-396.1573577004664912,-25.1610405043905700,-117.6392178805129305,102.5359089244040831
413.0035819026778086,0.0000000000000000,-718.7523446670240901,-240.5124909453453199,218.2508359141882579,134.2128477998793699,23.5728627195053662,351.3881891845387031,0.0000000000000000,0.0000000000000000,0.0000000000000000,0.0000000000000000,0.0000000000000000,-799.7322362012181429,503.6469367363611127,-279.5726403664618829,0.0000000000000000,-370.1284545883279407,32.6866517333338322,0.0000000000000000,0.0000000000000000,0.0000000000000000,0.0000000000000000,0.0000000000000000,-396.1573577004664912,-25.1610405043905700,-117.6392178805129305,102.5359089244040831
-413.0035819026778086,0.0000000000000000,718.7523446670240901,240.5124909453453199,-218.2508359141882579,-134.2128477998793699,-23.5728627195053662,-351.3881891845387031,0.0000000000000000,0.0000000000000000,0.0000000000000000,0.0000000000000000,0.0000000000000000,799.7322362012181429,-503.6469367363611127,279.5726403664618829,0.0000000000000000,370.1284545883279407,-32.6866517333338322,0.0000000000000000,0.0000000000000000,0.0000000000000000,0.0000000000000000,0.0000000000000000,396.1573577004664912,25.1610405043905700,117.6392178805129305,-102.5359089244040831
413.0035819026778086,0.0000000000000000,-718.7523446670240901,-240.5124909453453199,218.2508359141882579,134.2128477998793699,23.5728627195053662,351.3881891845387031,0.0000000000000000,0.0000000000000000,0.0000000000000000,0.0000000000000000,0.0000000000000000,-799.7322362012181429,503.6469367363611127,-279.5726403664618829,0.0000000000000000,-370.1284545883279407,32.6866517333338322,0.0000000000000000,0.0000000000000000,0.0000000000000000,0.0000000000000000,0.0000000000000000,-396.1573577004664912,-25.1610405043905700,-117.6392178805129305,102.5359089244040831
-413.0035819026778086,0.0000000000000000,718.7523446670240901,240.5124909453453199,-218.2508359141882579,-134.2128477998793699,-23.5728627195053662,-351.3881891845387031,0.0000000000000000,0.0000000000000000,0.0000000000000000,0.0000000000000000,0.0000000000000000,799.7322362012181429,-503.6469367363611127,279.5726403664618829,0.0000000000000000,370.1284545883279407,-32.6866517333338322,0.0000000000000000,0.0000000000000000,0.0000000000000000,0.0000000000000000,0.0000000000000000,396.1573577004664912,25.1610405043905700,117.6392178805129305,-102.5359089244040831
-413.0035819026778086,0.0000000000000000,718.7523446670240901,240.5124909453453199,-218.2508359141882579,-134.2128477998793699,-23.5728627195053662,-351.3881891845387031,0.0000000000000000,0.0000000000000000,0.0000000000000000,0.0000000000000000,0.0000000000000000,799.7322362012181429,-503.6469367363611127,279.5726403664618829,0.0000000000000000,370.1284545883279407,-32.6866517333338322,0.0000000000000000,0.0000000000000000,0.0000000000000000,0.0000000000000000,0.0000000000000000,396.1573577004664912,25.1610405043905700,117.6392178805129305,-102.5359089244040831
413.0035819026778086,0.0000000000000000,-718.7523446670240901,-240.5124909453453199,218.2508359141882579,134.2128477998793699,23.5728627195053662,351.3881891845387031,0.0000000000000000,0.0000000000000000,0.0000000000000000,0.0000000000000000,0.0000000000000000,-799.7322362012181429,503.6469367363611127,-279.5726403664618829,0.0000000000000000,-370.1284545883279407,32.6866517333338322,0.0000000000000000,0.0000000000000000,0.0000000000000000,0.0000000000000000,0.0000000000000000,-396.1573577004664912,-25.1610405043905700,-117.6392178805129305,102.5359089244040831
413.0035819026778086,0.0000000000000000,-718.7523446670240901,-240.5124909453453199,218.2508359141882579,134.2128477998793699,23.5728627195053662,351.3881891845387031,0.0000000000000000,0.0000000000000000,0.0000000000000000,0.0000000000000000,0.0000000000000000,-799.7322362012181429,503.6469367363611127,-279.5726403664618829,0.0000000000000000,-370.1284545883279407,32.6866517333338322,0.0000000000000000,0.0000000000000000,0.0000000000000000,0.0000000000000000,0.0000000000000000,-396.1573577004664912,-25.1610405043905700,-117.6392178805129305,102.5359089244040831
-413.0035819026778086,0.0000000000000000,718.7523446670240901,240.5124909453453199,-218.2508359141882579,-134.2128477998793699,-23.5728627195053662,-351.3881891845387031,0.0000000000000000,0.0000000000000000,0.0000000000000000,0.0000000000000000,0.0000000000000000,799.7322362012181429,-503.6469367363611127,279.5726403664618829,0.0000000000000000,370.1284545883279407,-32.6866517333338322,0.0000000000000000,0.0000000000000000,0.0000000000000000,0.0000000000000000,0.0000000000000000,396.1573577004664912,25.1610405043905700,117.6392178805129305,-102.5359089244040831
-413.0035819026778086,0.0000000000000000,718.7523446670240901,240.5124909453453199,-218.2508359141882579,-134.2128477998793699,-23.5728627195053662,-351.3881891845387031,0.0000000000000000,0.0000000000000000,0.0000000000000000,0.0000000000000000,0.0000000000000000,799.7322362012181429,-503.6469367363611127,279.5726403664618829,0.0000000000000000,370.1284545883279407,-32.6866517333338322,0.0000000000000000,0.0000000000000000,0.0000000000000000,0.0000000000000000,0.0000000000000000,396.1573577004664912,25.1610405043905700,117.6392178805129305,-102.5359089244040831
0.0000000000000000,93.2507828867090893,73.5265339003369434,-169.3463028282537550,79.4632422705825689,0.0000000000000000,-122.2579740999092479,125.1954413150380958,92.2432097328537424,-56.5847229065306294,119.9224965028279115,0.0000000000000000,-107.2604231729879416,0.0000000000000000,0.0000000000000000,0.2124314104820587,179.0132412120242122,0.0000000000000000,0.0000000000000000,0.0000000000000000,0.0000000000000000,0.0000000000000000,0.0000000000000000,0.0000000000000000,0.0000000000000000,0.0000000000000000,0.0000000000000000,-83.1176968111986696
0.0000000000000000,0.0000000000000000,0.0000000000000000,0.0000000000000000,0.0000000000000000,0.0000000000000000,0.0000000000000000,0.0000000000000000,0.0000000000000000,0.0000000000000000,0.0000000000000000,0.0000000000000000,0.0000000000000000,0.0000000000000000,0.0000000000000000,0.0000000000000000,0.0000000000000000,0.0000000000000000,0.0000000000000000,0.0000000000000000,0.0000000000000000,0.0000000000000000,0.0000000000000000,0.0000000000000000,0.0000000000000000,0.0000000000000000,0.0000000000000000,0.0000000000000000
0.0000000000000000,518.0841376233523761,408.4998509285393311,-940.8568008170981329,441.4831068445431583,0.0000000000000000,-679.2427378983151129,695.5627635521029788,512.4862471569337004,-314.3742761420247120,666.2672554480224107,0.0000000000000000,-595.9191131746906649,0.0000000000000000,0.0000000000000000,1.1802297063545197,994.5645261677624376,0.0000000000000000,0.0000000000000000,0.0000000000000000,0.0000000000000000,0.0000000000000000,0.0000000000000000,0.0000000000000000,0.0000000000000000,0.0000000000000000,0.0000000000000000,-461.7865817382503337
0.0000000000000000,698.2863621605562230,550.5860035718679910,-1268.1096081621803933,595.0416356077229239,0.0000000000000000,-915.4998310637556642,937.4963573353926449,690.7413896634237744,-423.7212717052266839,898.0111612136084887,0.0000000000000000,-803.1942293960381676,0.0000000000000000,0.0000000000000000,1.5907422140827410,1340.4981825877084702,0.0000000000000000,0.0000000000000000,0.0000000000000000,0.0000000000000000,0.0000000000000000,0.0000000000000000,0.0000000000000000,0.0000000000000000,0.0000000000000000,0.0000000000000000,-622.4071513476626478
0.0000000000000000,158.1554422366930623,124.7026687086013226,-287.2151695229227926,134.7714607193576910,0.0000000000000000,-207.3522962721336569,212.3343072760402492,156.4465753210403420,-95.9689731076628050,203.3912733105458983,0.0000000000000000,-181.9161098307151860,0.0000000000000000,0.0000000000000000,0.3602884890582836,303.6105162195561320,0.0000000000000000,0.0000000000000000,0.0000000000000000,0.0000000000000000,0.0000000000000000,0.0000000000000000,0.0000000000000000,0.0000000000000000,0.0000000000000000,0.0000000000000000,-140.9694984849731441
0.0000000000000000,6.1989508479165041,4.8877591753797276,-11.2574862645828873,5.2824085525359203,0.0000000000000000,-8.1272365630638017,8.3225080055145568,6.1319712873908010,-3.7615332030692548,7.9719830586690330,0.0000000000000000,-7.1302574690860236,0.0000000000000000,0.0000000000000000,0.0141216173351778,11.9001068843328959,0.0000000000000000,0.0000000000000000,0.0000000000000000,0.0000000000000000,0.0000000000000000,0.0000000000000000,0.0000000000000000,0.0000000000000000,0.0000000000000000,0.0000000000000000,-5.5253425352001377
0.0000000000000000,237.8908602774151291,187.5725850368243073,-432.0171522158324251,202.7176446030229044,0.0000000000000000,-311.8907287860063207,319.3844632213802015,235.3204534996588393,-144.3525511967825423,305.9327222414039511,0.0000000000000000,-273.6306715337881883,0.0000000000000000,0.0000000000000000,0.5419310103907384,456.6783530891570422,0.0000000000000000,0.0000000000000000,0.0000000000000000,0.0000000000000000,0.0000000000000000,0.0000000000000000,0.0000000000000000,0.0000000000000000,0.0000000000000000,0.0000000000000000,-212.0404760860364206
0.0000000000000000,280.7988867697209798,221.4047778272694416,-509.9394540259593214,239.2815296339189217,0.0000000000000000,-368.1460033175645776,376.9913716715528835,277.7648594813349519,-170.3892097037992812,361.1133598476132534,0.0000000000000000,-322.9850355038355474,0.0000000000000000,0.0000000000000000,0.6396783140228801,539.0487596275224860,0.0000000000000000,0.0000000000000000,0.0000000000000000,0.0000000000000000,0.0000000000000000,0.0000000000000000,0.0000000000000000,0.0000000000000000,0.0000000000000000,0.0000000000000000,-250.2859065945096688
0.0000000000000000,0.0000000000000000,0.0000000000000000,0.0000000000000000,0.0000000000000000,0.0000000000000000,0.0000000000000000,0.0000000000000000,0.0000000000000000,0.0000000000000000,0.0000000000000000,0.0000000000000000,0.0000000000000000,0.0000000000000000,0.0000000000000000,0.0000000000000000,0.0000000000000000,0.0000000000000000,0.0000000000000000,0.0000000000000000,0.0000000000000000,0.0000000000000000,0.0000000000000000,0.0000000000000000,0.0000000000000000,0.0000000000000000,0.0000000000000000,0.0000000000000000
0.0000000000000000,0.0000000000000000,0.0000000000000000,0.0000000000000000,0.0000000000000000,0.0000000000000000,0.0000000000000000,0.0000000000000000,0.0000000000000000,0.0000000000000000,0.0000000000000000,0.0000000000000000,0.0000000000000000,0.0000000000000000,0.0000000000000000,0.0000000000000000,0.0000000000000000,0.0000000000000000,0.0000000000000000,0.0000000000000000,0.0000000000000000,0.0000000000000000,0.0000000000000000,0.0000000000000000,0.0000000000000000,0.0000000000000000,0.0000000000000000,0.0000000000000000
0.0000000000000000,0.0000000000000000,0.0000000000000000,0.0000000000000000,0.0000000000000000,0.0000000000000000,0.0000000000000000,0.0000000000000000,0.0000000000000000,0.0000000000000000,0.0000000000000000,0.0000000000000000,0.0000000000000000,0.0000000000000000,0.0000000000000000,0.0000000000000000,0.0000000000000000,0.0000000000000000,0.0000000000000000,0.0000000000000000,0.0000000000000000,0.0000000000000000,0.0000000000000000,0.0000000000000000,0.0000000000000000,0.0000000000000000,0.0000000000000000,0.0000000000000000
0.0000000000000000,0.0000000000000000,0.0000000000000000,0.0000000000000000,0.0000000000000000,0.0000000000000000,0.0000000000000000,0.0000000000000000,0.0000000000000000,0.0000000000000000,0.0000000000000000,0.0000000000000000,0.0000000000000000,0.0000000000000000,0.0000000000000000,0.0000000000000000,0.0000000000000000,0.0000000000000000,0.0000000000000000,0.0000000000000000,0.0000000000000000,0.0000000000000000,0.0000000000000000,0.0000000000000000,0.0000000000000000,0.0000000000000000,0.0000000000000000,0.0000000000000000
0.0000000000000000,0.0000000000000000,0.0000000000000000,0.0000000000000000,0.0000000000000000,0.0000000000000000,0.0000000000000000,0.0000000000000000,0.0000000000000000,0.0000000000000000,0.0000000000000000,0.0000000000000000,0.0000000000000000,0.0000000000000000,0.0000000000000000,0.0000000000000000,0.0000000000000000,0.0000000000000000,0.0000000000000000,0.0000000000000000,0.0000000000000000,0.0000000000000000,0.0000000000000000,0.0000000000000000,0.0000000000000000,0.0000000000000000,0.0000000000000000,0.0000000000000000
0.0000000000000000,614.7400544780182372,484.7112705786756237,-1116.3869321372687864,523.8480189680027479,0.0000000000000000,-805.9650689459505202,825.3298260016584891,608.0977984420111397,-373.0252397392156354,790.5688268896641375,0.0000000000000000,-707.0962445945946229,0.0000000000000000,0.0000000000000000,1.4004182357507675,1180.1145925891328261,0.0000000000000000,0.0000000000000000,0.0000000000000000,0.0000000000000000,0.0000000000000000,0.0000000000000000,0.0000000000000000,0.0000000000000000,0.0000000000000000,0.0000000000000000,-547.9393940089512398
0.0000000000000000,229.3475264800503624,180.8363228561947551,-416.5021940822466036,195.4374804872617517,0.0000000000000000,-300.6898503612744094,307.9144635929351352,226.8694302814889454,-139.1684427029246933,294.9458126871787158,0.0000000000000000,-263.8038200045444341,0.0000000000000000,0.0000000000000000,0.5224687346584463,440.2777414644746159,0.0000000000000000,0.0000000000000000,0.0000000000000000,0.0000000000000000,0.0000000000000000,0.0000000000000000,0.0000000000000000,0.0000000000000000,0.0000000000000000,0.0000000000000000,-204.4255027169769789
0.0000000000000000,98.4995118961147398,77.6650605646396315,-178.8781568757433149,83.9359234854282334,0.0000000000000000,-129.1394066780030982,132.2422126592949780,97.4352263128510003,-59.7696599913968427,126.6724740020994204,0.0000000000000000,-113.2977011157710621,0.0000000000000000,0.0000000000000000,0.2243883600345440,189.0892101543846877,0.0000000000000000,0.0000000000000000,0.0000000000000000,0.0000000000000000,0.0000000000000000,0.0000000000000000,0.0000000000000000,0.0000000000000000,0.0000000000000000,0.0000000000000000,-87.7960732595544755
0.0000000000000000,0.0000000000000000,0.0000000000000000,0.0000000000000000,0.0000000000000000,0.0000000000000000,0.0000000000000000,0.0000000000000000,0.0000000000000000,0.0000000000000000,0.0000000000000000,0.0000000000000000,0.0000000000000000,0.0000000000000000,0.0000000000000000,0.0000000000000000,0.0000000000000000,0.0000000000000000,0.0000000000000000,0.0000000000000000,0.0000000000000000,0.0000000000000000,0.0000000000000000,0.0000000000000000,0.0000000000000000,0.0000000000000000,0.0000000000000000,0.0000000000000000
0.0000000000000000,176.9653714107981841,139.5339532540943708,-321.3745820606808934,150.8002586852721549,0.0000000000000000,-232.0133635854531065,237.5879009849284955,175.0532635241310402,-107.3828679540073665,227.5812435796487989,0.0000000000000000,-203.5519706847692873,0.0000000000000000,0.0000000000000000,0.4031387436280208,339.7198794247533442,0.0000000000000000,0.0000000000000000,0.0000000000000000,0.0000000000000000,0.0000000000000000,0.0000000000000000,0.0000000000000000,0.0000000000000000,0.0000000000000000,0.0000000000000000,-157.7354487723055172
0.0000000000000000,117.7655201919178865,92.8559551419702274,-213.8658231896713460,100.3533672580602030,0.0000000000000000,-154.3984240322976405,158.1081232318917955,116.4930657103362677,-71.4603043719098139,151.4489717531569966,0.0000000000000000,-135.4581606710835331,0.0000000000000000,0.0000000000000000,0.2682775928103026,226.0741070473096386,0.0000000000000000,0.0000000000000000,0.0000000000000000,0.0000000000000000,0.0000000000000000,0.0000000000000000,0.0000000000000000,0.0000000000000000,0.0000000000000000,0.0000000000000000,-104.9685428809418681
0.0000000000000000,0.0000000000000000,0.0000000000000000,0.0000000000000000,0.0000000000000000,0.0000000000000000,0.0000000000000000,0.0000000000000000,0.0000000000000000,0.0000000000000000,0.0000000000000000,0.0000000000000000,0.0000000000000000,0.0000000000000000,0.0000000000000000,0.0000000000000000,0.0000000000000000,0.0000000000000000,0.0000000000000000,0.0000000000000000,0.0000000000000000,0.0000000000000000,0.0000000000000000,0.0000000000000000,0.0000000000000000,0.0000000000000000,0.0000000000000000,0.0000000000000000
0.0000000000000000,0.0000000000000000,0.0000000000000000,0.0000000000000000,0.0000000000000000,0.0000000000000000,0.0000000000000000,0.0000000000000000,0.0000000000000000,0.0000000000000000,0.0000000000000000,0.0000000000000000,0.0000000000000000,0.0000000000000000,0.0000000000000000,0.0000000000000000,0.0000000000000000,0.0000000000000000,0.0000000000000000,0.0000000000000000,0.0000000000000000,0.0000000000000000,0.0000000000000000,0.0000000000000000,0.0000000000000000,0.0000000000000000,0.0000000000000000,0.0000000000000000
0.0000000000000000,0.0000000000000000,0.0000000000000000,0.0000000000000000,0.0000000000000000,0.0000000000000000,0.0000000000000000,0.0000000000000000,0.0000000000000000,0.0000000000000000,0.0000000000000000,0.0000000000000000,0.0000000000000000,0.0000000000000000,0.0000000000000000,0.0000000000000000,0.0000000000000000,0.0000000000000000,0.0000000000000000,0.0000000000000000,0.0000000000000000,0.0000000000000000,0.0000000000000000,0.0000000000000000,0.0000000000000000,0.0000000000000000,0.0000000000000000,0.0000000000000000
0.0000000000000000,0.0000000000000000,0.0000000000000000,0.0000000000000000,0.0000000000000000,0.0000000000000000,0.0000000000000000,0.0000000000000000,0.0000000000000000,0.0000000000000000,0.0000000000000000,0.0000000000000000,0.0000000000000000,0.0000000000000000,0.0000000000000000,0.0000000000000000,0.0000000000000000,0.0000000000000000,0.0000000000000000,0.0000000000000000,0.0000000000000000,0.0000000000000000,0.0000000000000000,0.0000000000000000,0.0000000000000000,0.0000000000000000,0.0000000000000000,0.0000000000000000
0.0000000000000000,0.0000000000000000,0.0000000000000000,0.0000000000000000,0.0000000000000000,0.0000000000000000,0.0000000000000000,0.0000000000000000,0.0000000000000000,0.0000000000000000,0.0000000000000000,0.0000000000000000,0.0000000000000000,0.0000000000000000,0.0000000000000000,0.0000000000000000,0.0000000000000000,0.0000000000000000,0.0000000000000000,0.0000000000000000,0.0000000000000000,0.0000000000000000,0.0000000000000000,0.0000000000000000,0.0000000000000000,0.0000000000000000,0.0000000000000000,0.0000000000000000
0.0000000000000000,35.5088536132075774,27.9980805322089026,-64.4851752544744556,30.2587125820166243,0.0000000000000000,-46.5544671151468918,47.6730217278446631,35.1251810421331427,-21.5468286724516780,45.6651434060640469,0.0000000000000000,-40.8435677110349999,0.0000000000000000,0.0000000000000000,0.0808915016490414,68.1662371108047438,0.0000000000000000,0.0000000000000000,0.0000000000000000,0.0000000000000000,0.0000000000000000,0.0000000000000000,0.0000000000000000,0.0000000000000000,0.0000000000000000,0.0000000000000000,-31.6502879372231476
0.0000000000000000,26.5502628686257438,20.9343958564352732,-48.2160976748311256,22.6246890950012869,0.0000000000000000,-34.8091592333523892,35.6455117476727423,26.2633877211352385,-16.1107416046247813,34.1442045572974990,0.0000000000000000,-30.5390726220783080,0.0000000000000000,0.0000000000000000,0.0604832433064267,50.9684580012396538,0.0000000000000000,0.0000000000000000,0.0000000000000000,0.0000000000000000,0.0000000000000000,0.0000000000000000,0.0000000000000000,0.0000000000000000,0.0000000000000000,0.0000000000000000,-23.6651814714854467
0.0000000000000000,26.8318479700153816,21.1564205500864588,-48.7274649188979865,22.8646405939468309,0.0000000000000000,-35.1783360162909133,36.0235586652953472,26.5419303002006330,-16.2816078906065052,34.5063290059219412,0.0000000000000000,-30.8629619900737993,0.0000000000000000,0.0000000000000000,0.0611247126690122,51.5090160546558451,0.0000000000000000,0.0000000000000000,0.0000000000000000,0.0000000000000000,0.0000000000000000,0.0000000000000000,0.0000000000000000,0.0000000000000000,0.0000000000000000,0.0000000000000000,-23.9161681587745925
0.0000000000000000,563.9449450691195125,444.6602574042111655,-1024.1414440687747174,480.5631911073739957,0.0000000000000000,-739.3693045108154820,757.1339788223518781,557.8515293431153168,-342.2026868132916206,725.2452323644580474,0.0000000000000000,-648.6698725936660139,0.0000000000000000,0.0000000000000000,1.2847036390118614,1082.6033772242872146,0.0000000000000000,0.0000000000000000,0.0000000000000000,0.0000000000000000,0.0000000000000000,0.0000000000000000,0.0000000000000000,0.0000000000000000,0.0000000000000000,0.0000000000000000,-502.6639295823437124
0.0000000000000000,0.0000000000000000,0.0000000000000000,0.0000000000000000,0.0000000000000000,0.0000000000000000,0.0000000000000000,0.0000000000000000,0.0000000000000000,0.0000000000000000,0.0000000000000000,0.0000000000000000,0.0000000000000000,0.0000000000000000,0.0000000000000000,0.0000000000000000,0.0000000000000000,0.0000000000000000,0.0000000000000000,0.0000000000000000,0.0000000000000000,0.0000000000000000,0.0000000000000000,0.0000000000000000,0.0000000000000000,0.0000000000000000,0.0000000000000000,0.0000000000000000
496.2834701944551625,0.0000000000000000,0.0000000000000000,-366.7293975627039231,-105.2366386165154069,0.0000000000000000,126.2130239299818015,0.0000000000000000,0.0000000000000000,-285.2011034535134968,0.0000000000000000,-53.2581927340498780,0.0000000000000000,138.9056193967798265,101.1848519520701473,103.6262352652157830,0.0000000000000000,798.2290396847636202,0.0000000000000000,-13.6880711777494621,501.0333153522397538,0.0000000000000000,0.0000000000000000,617.4471704852306857,0.0000000000000000,0.0000000000000000,-637.3058236795849325,0.0000000000000000
110.3685881829201350,0.0000000000000000,0.0000000000000000,-81.5570299738358671,-23.4035988034621170,0.0000000000000000,28.0685416663003764,0.0000000000000000,0.0000000000000000,-63.4259350287079471,0.0000000000000000,-11.8441009911690056,0.0000000000000000,30.8912507150191260,22.5025210915689797,23.0454608541599981,0.0000000000000000,177.5183286320137199,0.0000000000000000,-3.0440931071985720,111.4249072739967659,0.0000000000000000,0.0000000000000000,137.3142096739435090,0.0000000000000000,0.0000000000000000,-141.7305798492715780,0.0000000000000000
108.3583861277955691,0.0000000000000000,0.0000000000000000,-80.0715882194161850,-22.9773365563265628,0.0000000000000000,27.5573143228062953,0.0000000000000000,0.0000000000000000,-62.2707245920971815,0.0000000000000000,-11.6283780527357372,0.0000000000000000,30.3286118637385300,22.0926706541529825,22.6257215648112364,0.0000000000000000,174.2850924829118924,0.0000000000000000,-2.9886494132923014,109.3954659149841149,0.0000000000000000,0.0000000000000000,134.8132326203375726,0.0000000000000000,0.0000000000000000,-139.1491650864514895,0.0000000000000000
631.5583595605343135,0.0000000000000000,0.0000000000000000,-466.6909752939662326,-133.9216049736041043,0.0000000000000000,160.6156463707349076,0.0000000000000000,0.0000000000000000,-362.9400370142887482,0.0000000000000000,-67.7750899563430806,0.0000000000000000,176.7679368518898571,128.7653991098793824,131.8722445579145131,0.0000000000000000,1015.8069996958814727,0.0000000000000000,-17.4191088314507958,637.6028978056658616,0.0000000000000000,0.0000000000000000,785.7483586027015008,0.0000000000000000,0.0000000000000000,-811.0200010968464994,0.0000000000000000
0.0000000000000000,0.0000000000000000,0.0000000000000000,0.0000000000000000,0.0000000000000000,0.0000000000000000,0.0000000000000000,0.0000000000000000,0.0000000000000000,0.0000000000000000,0.0000000000000000,0.0000000000000000,0.0000000000000000,0.0000000000000000,0.0000000000000000,0.0000000000000000,0.0000000000000000,0.0000000000000000,0.0000000000000000,0.0000000000000000,0.0000000000000000,0.0000000000000000,0.0000000000000000,0.0000000000000000,0.0000000000000000,0.0000000000000000,0.0000000000000000,0.0000000000000000
249.6479750477982975,0.0000000000000000,0.0000000000000000,-184.4777370000966528,-52.9377166665575061,0.0000000000000000,63.4895734819323962,0.0000000000000000,0.0000000000000000,-143.4661483499934889,0.0000000000000000,-26.7907370873168880,0.0000000000000000,69.8743937443228162,50.8995260016375255,52.1276273530758161,0.0000000000000000,401.5371765325346587,0.0000000000000000,-6.8855794260009269,252.0373135945100955,0.0000000000000000,0.0000000000000000,310.5975618132782756,0.0000000000000000,0.0000000000000000,-320.5871602079306513,0.0000000000000000
589.6731864438510229,0.0000000000000000,0.0000000000000000,-435.7398652401249706,-125.0398769060875850,0.0000000000000000,149.9635600644631666,0.0000000000000000,0.0000000000000000,-338.8697257735397557,0.0000000000000000,-63.2802220904572508,0.0000000000000000,165.0446249450181995,120.2256324335123026,123.1264307958461472,0.0000000000000000,948.4383212652660404,0.0000000000000000,-16.2638673911326705,595.3168487810396527,0.0000000000000000,0.0000000000000000,733.6372503764957855,0.0000000000000000,0.0000000000000000,-757.2328686287215760,0.0000000000000000
584.9259179466888554,0.0000000000000000,0.0000000000000000,-432.2318642274163381,-124.0332212158312046,0.0000000000000000,148.7562518456348926,0.0000000000000000,0.0000000000000000,-336.1415949872166493,0.0000000000000000,-62.7707734471585255,0.0000000000000000,163.7159039405028409,119.2577346716265936,122.1351796426265395,0.0000000000000000,940.8027504651128083,0.0000000000000000,-16.1329322442022622,590.5241449799872271,0.0000000000000000,0.0000000000000000,727.7309736674247915,0.0000000000000000,0.0000000000000000,-751.1366312129828202,0.0000000000000000
15.1518681454393214,0.0000000000000000,0.0000000000000000,-11.1964951698860116,-3.2129453591551527,0.0000000000000000,3.8533685114979845,0.0000000000000000,0.0000000000000000,-8.7073815147787208,0.0000000000000000,-1.6260084456460588,0.0000000000000000,4.2408819881426343,3.0892415870567809,3.1637786616822252,0.0000000000000000,24.3704694706539904,0.0000000000000000,-0.4179060196572418,15.2968841128536823,0.0000000000000000,0.0000000000000000,18.8510774100558294,0.0000000000000000,0.0000000000000000,-19.4573754490152275,0.0000000000000000
206.3328685446001032,0.0000000000000000,0.0000000000000000,-152.4699755748407313,-43.7527720059447205,0.0000000000000000,52.4738316691418163,0.0000000000000000,0.0000000000000000,-118.5740918684866756,0.0000000000000000,-22.1424172681229585,0.0000000000000000,57.7508553647214455,42.0682170783381721,43.0832370265562403,0.0000000000000000,331.8685739205159280,0.0000000000000000,-5.6908987717061876,208.3076455327685039,0.0000000000000000,0.0000000000000000,256.7074132270541327,0.0000000000000000,0.0000000000000000,-264.9637689695051108,0.0000000000000000
0.0000000000000000,0.0000000000000000,0.0000000000000000,0.0000000000000000,0.0000000000000000,0.0000000000000000,0.0000000000000000,0.0000000000000000,0.0000000000000000,0.0000000000000000,0.0000000000000000,0.0000000000000000,0.0000000000000000,0.0000000000000000,0.0000000000000000,0.0000000000000000,0.0000000000000000,0.0000000000000000,0.0000000000000000,0.0000000000000000,0.0000000000000000,0.0000000000000000,0.0000000000000000,0.0000000000000000,0.0000000000000000,0.0000000000000000,0.0000000000000000,0.0000000000000000
65.9078104098974222,0.0000000000000000,0.0000000000000000,-48.7026730848563219,-13.9757151762369531,0.0000000000000000,16.7614368642536853,0.0000000000000000,0.0000000000000000,-37.8754912948090379,0.0000000000000000,-7.0728345397322752,0.0000000000000000,18.4470484670489050,13.4376267583475268,13.7618491800164229,0.0000000000000000,106.0070128682792330,0.0000000000000000,-1.8178135163494558,66.5386029164722856,0.0000000000000000,0.0000000000000000,81.9986832012017715,0.0000000000000000,0.0000000000000000,-84.6359669882611598,0.0000000000000000
0.0000000000000000,0.0000000000000000,0.0000000000000000,0.0000000000000000,0.0000000000000000,0.0000000000000000,0.0000000000000000,0.0000000000000000,0.0000000000000000,0.0000000000000000,0.0000000000000000,0.0000000000000000,0.0000000000000000,0.0000000000000000,0.0000000000000000,0.0000000000000000,0.0000000000000000,0.0000000000000000,0.0000000000000000,0.0000000000000000,0.0000000000000000,0.0000000000000000,0.0000000000000000,0.0000000000000000,0.0000000000000000,0.0000000000000000,0.0000000000000000,0.0000000000000000
0.0000000000000000,0.0000000000000000,0.0000000000000000,0.0000000000000000,0.0000000000000000,0.0000000000000000,0.0000000000000000,0.0000000000000000,0.0000000000000000,0.0000000000000000,0.0000000000000000,0.0000000000000000,0.0000000000000000,0.0000000000000000,0.0000000000000000,0.0000000000000000,0.0000000000000000,0.0000000000000000,0.0000000000000000,0.0000000000000000,0.0000000000000000,0.0000000000000000,0.0000000000000000,0.0000000000000000,0.0000000000000000,0.0000000000000000,0.0000000000000000,0.0000000000000000
669.7870124694723017,0.0000000000000000,0.0000000000000000,-494.9400943819651388,-142.0279699294987097,0.0000000000000000,170.3378196329558421,0.0000000000000000,0.0000000000000000,-384.9090419237178367,0.0000000000000000,-71.8775618033090211,0.0000000000000000,187.4678191367862041,136.5596554517283892,139.8545603474403833,0.0000000000000000,1077.2944816142037325,0.0000000000000000,-18.4734992221724355,676.1974306860583965,0.0000000000000000,0.0000000000000000,833.3102360128781356,0.0000000000000000,0.0000000000000000,-860.1115880496530508,0.0000000000000000
421.0843676628035723,0.0000000000000000,0.0000000000000000,-311.1609105488547016,-89.2907100239129932,0.0000000000000000,107.0886591317311769,0.0000000000000000,0.0000000000000000,-241.9861500875721276,0.0000000000000000,-45.1882719396114823,0.0000000000000000,117.8580154716517114,85.8528682903690452,87.9243222282478314,0.0000000000000000,677.2777870156453446,0.0000000000000000,-11.6139930958161433,425.1144949285339294,0.0000000000000000,0.0000000000000000,523.8887993732447512,0.0000000000000000,0.0000000000000000,-540.7383801575958842,0.0000000000000000
0.0000000000000000,0.0000000000000000,0.0000000000000000,0.0000000000000000,0.0000000000000000,0.0000000000000000,0.0000000000000000,0.0000000000000000,0.0000000000000000,0.0000000000000000,0.0000000000000000,0.0000000000000000,0.0000000000000000,0.0000000000000000,0.0000000000000000,0.0000000000000000,0.0000000000000000,0.0000000000000000,0.0000000000000000,0.0000000000000000,0.0000000000000000,0.0000000000000000,0.0000000000000000,0.0000000000000000,0.0000000000000000,0.0000000000000000,0.0000000000000000,0.0000000000000000
0.0000000000000000,0.0000000000000000,0.0000000000000000,0.0000000000000000,0.0000000000000000,0.0000000000000000,0.0000000000000000,0.0000000000000000,0.0000000000000000,0.0000000000000000,0.0000000000000000,0.0000000000000000,0.0000000000000000,0.0000000000000000,0.0000000000000000,0.0000000000000000,0.0000000000000000,0.0000000000000000,0.0000000000000000,0.0000000000000000,0.0000000000000000,0.0000000000000000,0.0000000000000000,0.0000000000000000,0.0000000000000000,0.0000000000000000,0.0000000000000000,0.0000000000000000
0.0000000000000000,0.0000000000000000,0.0000000000000000,0.0000000000000000,0.0000000000000000,0.0000000000000000,0.0000000000000000,0.0000000000000000,0.0000000000000000,0.0000000000000000,0.0000000000000000,0.0000000000000000,0.0000000000000000,0.0000000000000000,0.0000000000000000,0.0000000000000000,0.0000000000000000,0.0000000000000000,0.0000000000000000,0.0000000000000000,0.0000000000000000,0.0000000000000000,0.0000000000000000,0.0000000000000000,0.0000000000000000,0.0000000000000000,0.0000000000000000,0.0000000000000000
0.0000000000000000,0.0000000000000000,0.0000000000000000,0.0000000000000000,0.0000000000000000,0.0000000000000000,0.0000000000000000,0.0000000000000000,0.0000000000000000,0.0000000000000000,0.0000000000000000,0.0000000000000000,0.0000000000000000,0.0000000000000000,0.0000000000000000,0.0000000000000000,0.0000000000000000,0.0000000000000000,0.0000000000000000,0.0000000000000000,0.0000000000000000,0.0000000000000000,0.0000000000000000,0.0000000000000000,0.0000000000000000,0.0000000000000000,0.0000000000000000,0.0000000000000000
0.0000000000000000,0.0000000000000000,0.0000000000000000,0.0000000000000000,0.0000000000000000,0.0000000000000000,0.0000000000000000,0.0000000000000000,0.0000000000000000,0.0000000000000000,0.0000000000000000,0.0000000000000000,0.0000000000000000,0.0000000000000000,0.0000000000000000,0.0000000000000000,0.0000000000000000,0.0000000000000000,0.0000000000000000,0.0000000000000000,0.0000000000000000,0.0000000000000000,0.0000000000000000,0.0000000000000000,0.0000000000000000,0.0000000000000000,0.0000000000000000,0.0000000000000000
0.0000000000000000,0.0000000000000000,0.0000000000000000,0.0000000000000000,0.0000000000000000,0.0000000000000000,0.0000000000000000,0.0000000000000000,0.0000000000000000,0.0000000000000000,0.0000000000000000,0.0000000000000000,0.0000000000000000,0.0000000000000000,0.0000000000000000,0.0000000000000000,0.0000000000000000,0.0000000000000000,0.0000000000000000,0.0000000000000000,0.0000000000000000,0.0000000000000000,0.0000000000000000,0.0000000000000000,0.0000000000000000,0.0000000000000000,0.0000000000000000,0.0000000000000000
0.0000000000000000,0.0000000000000000,0.0000000000000000,0.0000000000000000,0.0000000000000000,0.0000000000000000,0.0000000000000000,0.0000000000000000,0.0000000000000000,0.0000000000000000,0.0000000000000000,0.0000000000000000,0.0000000000000000,0.0000000000000000,0.0000000000000000,0.0000000000000000,0.0000000000000000,0.0000000000000000,0.0000000000000000,0.0000000000000000,0.0000000000000000,0.0000000000000000,0.0000000000000000,0.0000000000000000,0.0000000000000000,0.0000000000000000,0.0000000000000000,0.0000000000000000
0.0000000000000000,0.0000000000000000,0.0000000000000000,0.0000000000000000,0.0000000000000000,0.0000000000000000,0.0000000000000000,0.0000000000000000,0.0000000000000000,0.0000000000000000,0.0000000000000000,0.0000000000000000,0.0000000000000000,0.0000000000000000,0.0000000000000000,0.0000000000000000,0.0000000000000000,0.0000000000000000,0.0000000000000000,0.0000000000000000,0.0000000000000000,0.0000000000000000,0.0000000000000000,0.0000000000000000,0.0000000000000000,0.0000000000000000,0.0000000000000000,0.0000000000000000
0.0000000000000000,0.0000000000000000,0.0000000000000000,0.0000000000000000,0.0000000000000000,0.0000000000000000,0.0000000000000000,0.0000000000000000,0.0000000000000000,0.0000000000000000,0.0000000000000000,0.0000000000000000,0.0000000000000000,0.0000000000000000,0.0000000000000000,0.0000000000000000,0.0000000000000000,0.0000000000000000,0.0000000000000000,0.0000000000000000,0.0000000000000000,0.0000000000000000,0.0000000000000000,0.0000000000000000,0.0000000000000000,0.0000000000000000,0.0000000000000000,0.0000000000000000
0.0000000000000000,0.0000000000000000,0.0000000000000000,0.0000000000000000,0.0000000000000000,0.0000000000000000,0.0000000000000000,0.0000000000000000,0.0000000000000000,0.0000000000000000,0.0000000000000000,0.0000000000000000,0.0000000000000000,0.0000000000000000,0.0000000000000000,0.0000000000000000,0.0000000000000000,0.0000000000000000,0.0000000000000000,0.0000000000000000,0.0000000000000000,0.0000000000000000,0.0000000000000000,0.0000000000000000,0.0000000000000000,0.0000000000000000,0.0000000000000000,0.0000000000000000
207.3092376502631282,0.0000000000000000,0.0000000000000000,-153.1914649562588693,-43.9598105411768785,0.0000000000000000,52.7221383420383773,0.0000000000000000,0.0000000000000000,-119.1351856042983997,0.0000000000000000,-22.2471953982279125,0.0000000000000000,58.0241329641725514,42.2672842835553411,43.2871073158678783,0.0000000000000000,333.4389791836327959,0.0000000000000000,-5.7178281590759399,209.2933593020104581,0.0000000000000000,0.0000000000000000,257.9221551595319966,0.0000000000000000,0.0000000000000000,-266.2175800562537233,0.0000000000000000
0.0000000000000000,951.3600468497002112,0.0000000000000000,35.5665721259921526,-757.9856793423631416,0.0000000000000000,0.0000000000000000,0.0000000000000000,1237.5391328745813553,0.0000000000000000,0.0000000000000000,323.1265759586125910,284.0622258369245969,0.0000000000000000,88.8978027233120116,-95.6783767106956020,-480.8740628479532688,0.0000000000000000,0.0000000000000000,933.1210824549110612,0.0000000000000000,-280.2396874080548059,278.5086771463690525,0.0000000000000000,-662.7627166401979366,0.0000000000000000,0.0000000000000000,0.0000000000000000
0.0000000000000000,0.0000000000000000,0.0000000000000000,0.0000000000000000,0.0000000000000000,0.0000000000000000,0.0000000000000000,0.0000000000000000,0.0000000000000000,0.0000000000000000,0.0000000000000000,0.0000000000000000,0.0000000000000000,0.0000000000000000,0.0000000000000000,0.0000000000000000,0.0000000000000000,0.0000000000000000,0.0000000000000000,0.0000000000000000,0.0000000000000000,0.0000000000000000,0.0000000000000000,0.0000000000000000,0.0000000000000000,0.0000000000000000,0.0000000000000000,0.0000000000000000
0.0000000000000000,0.0000000000000000,0.0000000000000000,0.0000000000000000,0.0000000000000000,0.0000000000000000,0.0000000000000000,0.0000000000000000,0.0000000000000000,0.0000000000000000,0.0000000000000000,0.0000000000000000,0.0000000000000000,0.0000000000000000,0.0000000000000000,0.0000000000000000,0.0000000000000000,0.0000000000000000,0.0000000000000000,0.0000000000000000,0.0000000000000000,0.0000000000000000,0.0000000000000000,0.0000000000000000,0.0000000000000000,0.0000000000000000,0.0000000000000000,0.0000000000000000
0.0000000000000000,510.5843966945879515,0.0000000000000000,19.0881852055672887,-406.8025161154367879,0.0000000000000000,0.0000000000000000,0.0000000000000000,664.1735414862725975,0.0000000000000000,0.0000000000000000,173.4184532849957918,152.4530493822404367,0.0000000000000000,47.7104657918513908,-51.3495247265369414,-258.0797817590997738,0.0000000000000000,0.0000000000000000,500.7957465797500731,0.0000000000000000,-150.4015353587020059,149.4725213297214452,0.0000000000000000,-355.6974070415875531,0.0000000000000000,0.0000000000000000,0.0000000000000000
0.0000000000000000,236.0247880904772160,0.0000000000000000,8.8237809407064400,-188.0501603307938296,0.0000000000000000,0.0000000000000000,0.0000000000000000,307.0235212815716750,0.0000000000000000,0.0000000000000000,80.1651087509688267,70.4735571770984421,0.0000000000000000,22.0548309958549247,-23.7370369533191585,-119.3009935173637786,0.0000000000000000,0.0000000000000000,231.4998474851566357,0.0000000000000000,-69.5252160883284773,69.0957663426199815,0.0000000000000000,-164.4261079359631026,0.0000000000000000,0.0000000000000000,0.0000000000000000
0.0000000000000000,0.0000000000000000,0.0000000000000000,0.0000000000000000,0.0000000000000000,0.0000000000000000,0.0000000000000000,0.0000000000000000,0.0000000000000000,0.0000000000000000,0.0000000000000000,0.0000000000000000,0.0000000000000000,0.0000000000000000,0.0000000000000000,0.0000000000000000,0.0000000000000000,0.0000000000000000,0.0000000000000000,0.0000000000000000,0.0000000000000000,0.0000000000000000,0.0000000000000000,0.0000000000000000,0.0000000000000000,0.0000000000000000,0.0000000000000000,0.0000000000000000
0.0000000000000000,1087.9559184733673192,0.0000000000000000,40.6732054519378252,-866.8169413770456231,0.0000000000000000,0.0000000000000000,0.0000000000000000,1415.2244761714357537,0.0000000000000000,0.0000000000000000,369.5209525503077543,324.8477596230451354,0.0000000000000000,101.6617114964728614,-109.4158374182501774,-549.9177566350095958,0.0000000000000000,0.0000000000000000,1067.0982113141860737,0.0000000000000000,-320.4763827494294333,318.4968347692768589,0.0000000000000000,-757.9219061173231466,0.0000000000000000,0.0000000000000000,0.0000000000000000
0.0000000000000000,0.0000000000000000,0.0000000000000000,0.0000000000000000,0.0000000000000000,0.0000000000000000,0.0000000000000000,0.0000000000000000,0.0000000000000000,0.0000000000000000,0.0000000000000000,0.0000000000000000,0.0000000000000000,0.0000000000000000,0.0000000000000000,0.0000000000000000,0.0000000000000000,0.0000000000000000,0.0000000000000000,0.0000000000000000,0.0000000000000000,0.0000000000000000,0.0000000000000000,0.0000000000000000,0.0000000000000000,0.0000000000000000,0.0000000000000000,0.0000000000000000
0.0000000000000000,0.0000000000000000,0.0000000000000000,0.0000000000000000,0.0000000000000000,0.0000000000000000,0.0000000000000000,0.0000000000000000,0.0000000000000000,0.0000000000000000,0.0000000000000000,0.0000000000000000,0.0000000000000000,0.0000000000000000,0.0000000000000000,0.0000000000000000,0.0000000000000000,0.0000000000000000,0.0000000000000000,0.0000000000000000,0.0000000000000000,0.0000000000000000,0.0000000000000000,0.0000000000000000,0.0000000000000000,0.0000000000000000,0.0000000000000000,0.0000000000000000
0.0000000000000000,142.2872024135877780,0.0000000000000000,5.3194035885848159,-113.3657673982881846,0.0000000000000000,0.0000000000000000,0.0000000000000000,185.0886861153632594,0.0000000000000000,0.0000000000000000,48.3274199614315521,42.4848821006861499,0.0000000000000000,13.2957229937294539,-14.3098384241786576,-71.9204315363694064,0.0000000000000000,0.0000000000000000,139.5593485088025716,0.0000000000000000,-41.9131760457983589,41.6542828872091633,0.0000000000000000,-99.1240415519167755,0.0000000000000000,0.0000000000000000,0.0000000000000000
0.0000000000000000,0.0000000000000000,0.0000000000000000,0.0000000000000000,0.0000000000000000,0.0000000000000000,0.0000000000000000,0.0000000000000000,0.0000000000000000,0.0000000000000000,0.0000000000000000,0.0000000000000000,0.0000000000000000,0.0000000000000000,0.0000000000000000,0.0000000000000000,0.0000000000000000,0.0000000000000000,0.0000000000000000,0.0000000000000000,0.0000000000000000,0.0000000000000000,0.0000000000000000,0.0000000000000000,0.0000000000000000,0.0000000000000000,0.0000000000000000,0.0000000000000000
0.0000000000000000,650.4349353216686040,0.0000000000000000,24.3164941779796315,-518.2268983760366154,0.0000000000000000,0.0000000000000000,0.0000000000000000,846.0925897768751156,0.0000000000000000,0.0000000000000000,220.9182677266206269,194.2103792369567827,0.0000000000000000,60.7784999549291456,-65.4143076257808076,-328.7685782076891314,0.0000000000000000,0.0000000000000000,637.9651457128422862,0.0000000000000000,-191.5969496064193436,190.4134759559028680,0.0000000000000000,-453.1239525550361691,0.0000000000000000,0.0000000000000000,0.0000000000000000
0.0000000000000000,0.0000000000000000,0.0000000000000000,0.0000000000000000,0.0000000000000000,0.0000000000000000,0.0000000000000000,0.0000000000000000,0.0000000000000000,0.0000000000000000,0.0000000000000000,0.0000000000000000,0.0000000000000000,0.0000000000000000,0.0000000000000000,0.0000000000000000,0.0000000000000000,0.0000000000000000,0.0000000000000000,0.0000000000000000,0.0000000000000000,0.0000000000000000,0.0000000000000000,0.0000000000000000,0.0000000000000000,0.0000000000000000,0.0000000000000000,0.0000000000000000
0.0000000000000000,852.7256341673593170,0.0000000000000000,31.8791270158176090,-679.3997932195138674,0.0000000000000000,0.0000000000000000,0.0000000000000000,1109.2344537505252902,0.0000000000000000,0.0000000000000000,289.6256946179767624,254.6114296809977304,0.0000000000000000,79.6811212057311593,-85.7587037913743018,-431.0183526778243390,0.0000000000000000,0.0000000000000000,836.3776358132098494,0.0000000000000000,-251.1852016018591200,249.6336577588797638,0.0000000000000000,-594.0492873554319431,0.0000000000000000,0.0000000000000000,0.0000000000000000
0.0000000000000000,848.6769549626728804,0.0000000000000000,31.7277672425905131,-676.1740524838526198,0.0000000000000000,0.0000000000000000,0.0000000000000000,1103.9678893526968295,0.0000000000000000,0.0000000000000000,288.2505729141620350,253.4025531569191401,0.0000000000000000,79.3028010456403223,-85.3515277118138016,-428.9719089315555038,0.0000000000000000,0.0000000000000000,832.4065757140393771,0.0000000000000000,-249.9925925591587372,248.4484153333426377,0.0000000000000000,-591.2287846053026215,0.0000000000000000,0.0000000000000000,0.0000000000000000
0.0000000000000000,183.4377810060643981,0.0000000000000000,6.8578169646584612,-146.1520394022852827,0.0000000000000000,0.0000000000000000,0.0000000000000000,238.6177905982071081,0.0000000000000000,0.0000000000000000,62.3040901015466986,54.7718443166882025,0.0000000000000000,17.1409507072305125,-18.4483563002147974,-92.7203862767795641,0.0000000000000000,0.0000000000000000,179.9210102866005911,0.0000000000000000,-54.0347963719860971,53.7010292747090645,0.0000000000000000,-127.7914943733557749,0.0000000000000000,0.0000000000000000,0.0000000000000000
0.0000000000000000,0.0000000000000000,0.0000000000000000,0.0000000000000000,0.0000000000000000,0.0000000000000000,0.0000000000000000,0.0000000000000000,0.0000000000000000,0.0000000000000000,0.0000000000000000,0.0000000000000000,0.0000000000000000,0.0000000000000000,0.0000000000000000,0.0000000000000000,0.0000000000000000,0.0000000000000000,0.0000000000000000,0.0000000000000000,0.0000000000000000,0.0000000000000000,0.0000000000000000,0.0000000000000000,0.0000000000000000,0.0000000000000000,0.0000000000000000,0.0000000000000000
0.0000000000000000,1462.4459637437655601,0.0000000000000000,54.6735066519733266,-1165.1877761742316579,0.0000000000000000,0.0000000000000000,0.0000000000000000,1902.3650570994768714,0.0000000000000000,0.0000000000000000,496.7153690695952264,436.6650218315411394,0.0000000000000000,136.6551319964526670,-147.0783393747226739,-739.2073428033685332,0.0000000000000000,0.0000000000000000,1434.4087343579494700,0.0000000000000000,-430.7889542848038218,428.1280174725168308,0.0000000000000000,-1018.8095065373681791,0.0000000000000000,0.0000000000000000,0.0000000000000000
0.0000000000000000,0.0000000000000000,0.0000000000000000,0.0000000000000000,0.0000000000000000,0.0000000000000000,0.0000000000000000,0.0000000000000000,0.0000000000000000,0.0000000000000000,0.0000000000000000,0.0000000000000000,0.0000000000000000,0.0000000000000000,0.0000000000000000,0.0000000000000000,0.0000000000000000,0.0000000000000000,0.0000000000000000,0.0000000000000000,0.0000000000000000,0.0000000000000000,0.0000000000000000,0.0000000000000000,0.0000000000000000,0.0000000000000000,0.0000000000000000,0.0000000000000000
0.0000000000000000,645.9800679445005471,0.0000000000000000,24.1499490698405594,-514.6775316705034129,0.0000000000000000,0.0000000000000000,0.0000000000000000,840.2976515415900849,0.0000000000000000,0.0000000000000000,219.4051854328027389,192.8802208524870139,0.0000000000000000,60.3622244107065384,-64.9662811603849946,-326.5168227527472595,0.0000000000000000,0.0000000000000000,633.5956846629051142,0.0000000000000000,-190.2846907562017691,189.1093227867782502,0.0000000000000000,-450.0204797794654610,0.0000000000000000,0.0000000000000000,0.0000000000000000
0.0000000000000000,728.0845040682221452,0.0000000000000000,27.2194214099162402,-580.0933403313149483,0.0000000000000000,0.0000000000000000,0.0000000000000000,947.0999636863624573,0.0000000000000000,0.0000000000000000,247.2917099967905585,217.3954072465553224,0.0000000000000000,68.0342976593201456,-73.2235326553132211,-368.0172976858634684,0.0000000000000000,0.0000000000000000,714.1260585879107339,0.0000000000000000,-214.4699837904397270,213.1452258798149444,0.0000000000000000,-507.2183401623559575,0.0000000000000000,0.0000000000000000,0.0000000000000000
0.0000000000000000,0.0000000000000000,0.0000000000000000,0.0000000000000000,0.0000000000000000,0.0000000000000000,0.0000000000000000,0.0000000000000000,0.0000000000000000,0.0000000000000000,0.0000000000000000,0.0000000000000000,0.0000000000000000,0.0000000000000000,0.0000000000000000,0.0000000000000000,0.0000000000000000,0.0000000000000000,0.0000000000000000,0.0000000000000000,0.0000000000000000,0.0000000000000000,0.0000000000000000,0.0000000000000000,0.0000000000000000,0.0000000000000000,0.0000000000000000,0.0000000000000000
0.0000000000000000,0.0000000000000000,0.0000000000000000,0.0000000000000000,0.0000000000000000,0.0000000000000000,0.0000000000000000,0.0000000000000000,0.0000000000000000,0.0000000000000000,0.0000000000000000,0.0000000000000000,0.0000000000000000,0.0000000000000000,0.0000000000000000,0.0000000000000000,0.0000000000000000,0.0000000000000000,0.0000000000000000,0.0000000000000000,0.0000000000000000,0.0000000000000000,0.0000000000000000,0.0000000000000000,0.0000000000000000,0.0000000000000000,0.0000000000000000,0.0000000000000000
0.0000000000000000,1048.9485811688377908,0.0000000000000000,39.2149170990912950,-835.7382733543369113,0.0000000000000000,0.0000000000000000,0.0000000000000000,1364.4833224479389173,0.0000000000000000,0.0000000000000000,356.2722278616762424,313.2007379771520164,0.0000000000000000,98.0167543764608666,-105.4928655366134791,-530.2011237654426168,0.0000000000000000,0.0000000000000000,1028.8387017522538827,0.0000000000000000,-308.9860915089681725,307.0775178159730103,0.0000000000000000,-730.7475372477686051,0.0000000000000000,0.0000000000000000,0.0000000000000000
0.0000000000000000,0.0000000000000000,0.0000000000000000,0.0000000000000000,0.0000000000000000,0.0000000000000000,0.0000000000000000,0.0000000000000000,0.0000000000000000,0.0000000000000000,0.0000000000000000,0.0000000000000000,0.0000000000000000,0.0000000000000000,0.0000000000000000,0.0000000000000000,0.0000000000000000,0.0000000000000000,0.0000000000000000,0.0000000000000000,0.0000000000000000,0.0000000000000000,0.0000000000000000,0.0000000000000000,0.0000000000000000,0.0000000000000000,0.0000000000000000,0.0000000000000000
0.0000000000000000,0.0000000000000000,0.0000000000000000,0.0000000000000000,0.0000000000000000,0.0000000000000000,0.0000000000000000,0.0000000000000000,0.0000000000000000,0.0000000000000000,0.0000000000000000,0.0000000000000000,0.0000000000000000,0.0000000000000000,0.0000000000000000,0.0000000000000000,0.0000000000000000,0.0000000000000000,0.0000000000000000,0.0000000000000000,0.0000000000000000,0.0000000000000000,0.0000000000000000,0.0000000000000000,0.0000000000000000,0.0000000000000000,0.0000000000000000,0.0000000000000000
0.0000000000000000,651.5373457524458445,0.0000000000000000,24.3577077650211713,-519.1052317915019785,0.0000000000000000,0.0000000000000000,0.0000000000000000,847.5266168343425761,0.0000000000000000,0.0000000000000000,221.2926981107613926,194.5395429030045307,0.0000000000000000,60.8815123373808547,-65.5251771549721838,-329.3258021362419754,0.0000000000000000,0.0000000000000000,639.0464213223056049,0.0000000000000000,-191.9216838177617319,190.7362043191180589,0.0000000000000000,-453.8919441628126492,0.0000000000000000,0.0000000000000000,0.0000000000000000
0.0000000000000000,0.0000000000000000,0.0000000000000000,0.0000000000000000,0.0000000000000000,0.0000000000000000,0.0000000000000000,0.0000000000000000,0.0000000000000000,0.0000000000000000,0.0000000000000000,0.0000000000000000,0.0000000000000000,0.0000000000000000,0.0000000000000000,0.0000000000000000,0.0000000000000000,0.0000000000000000,0.0000000000000000,0.0000000000000000,0.0000000000000000,0.0000000000000000,0.0000000000000000,0.0000000000000000,0.0000000000000000,0.0000000000000000,0.0000000000000000,0.0000000000000000
0.0000000000000000,0.0000000000000000,0.0000000000000000,0.0000000000000000,0.0000000000000000,0.0000000000000000,0.0000000000000000,0.0000000000000000,0.0000000000000000,0.0000000000000000,0.0000000000000000,0.0000000000000000,0.0000000000000000,0.0000000000000000,0.0000000000000000,0.0000000000000000,0.0000000000000000,0.0000000000000000,0.0000000000000000,0.0000000000000000,0.0000000000000000,0.0000000000000000,0.0000000000000000,0.0000000000000000,0.0000000000000000,0.0000000000000000,0.0000000000000000,0.0000000000000000
201.7198238726697355,0.0000000000000000,-169.3526468725397081,0.0000000000000000,-44.1090507817592439,188.5263466488960376,0.0000000000000000,0.6504953098884731,0.0000000000000000,-29.3828784705699029,0.0000000000000000,261.2740025370974877,-87.4170467861211478,0.0000000000000000,-186.4103815216773512,-23.1891812109901387,-292.8213317132955922,0.0000000000000000,39.3657567851503813,0.0000000000000000,0.0000000000000000,539.9282250802809813,534.5039088278397230,25.1127805431194915,-353.4890120664957180,-200.2449540030559660,0.0000000000000000,101.6703167902297338
0.0000000000000000,0.0000000000000000,0.0000000000000000,0.0000000000000000,0.0000000000000000,0.0000000000000000,0.0000000000000000,0.0000000000000000,0.0000000000000000,0.0000000000000000,0.0000000000000000,0.0000000000000000,0.0000000000000000,0.0000000000000000,0.0000000000000000,0.0000000000000000,0.0000000000000000,0.0000000000000000,0.0000000000000000,0.0000000000000000,0.0000000000000000,0.0000000000000000,0.0000000000000000,0.0000000000000000,0.0000000000000000,0.0000000000000000,0.0000000000000000,0.0000000000000000
905.3122865990114860,0.0000000000000000,-760.0494043587463011,0.0000000000000000,-197.9600460495775565,846.1003717542612321,0.0000000000000000,2.9194026898853260,0.0000000000000000,-131.8694433911635713,0.0000000000000000,1172.5895855185842720,-392.3249832085464845,0.0000000000000000,-836.6039861689986310,-104.0723230044652183,-1314.1730162607382226,0.0000000000000000,176.6722903315678650,0.0000000000000000,0.0000000000000000,2423.1810570849957003,2398.8368946945229254,112.7053768929596060,-1586.4476760774271042,-898.6931165617679653,0.0000000000000000,456.2932150422096811
248.6563845147234133,0.0000000000000000,-208.7579498676620062,0.0000000000000000,-54.3724304394189986,232.3930233702493808,0.0000000000000000,0.8018538227693109,0.0000000000000000,-36.2197437359418259,0.0000000000000000,322.0677452086924859,-107.7574151190618039,0.0000000000000000,-229.7847113650517485,-28.5848849611393874,-360.9555682468529199,0.0000000000000000,48.5254575775368195,0.0000000000000000,0.0000000000000000,665.5597737912977436,658.8733170915937762,30.9560711242016033,-435.7395223665230333,-246.8383390575780822,0.0000000000000000,125.3271636876058608
0.0000000000000000,0.0000000000000000,0.0000000000000000,0.0000000000000000,0.0000000000000000,0.0000000000000000,0.0000000000000000,0.0000000000000000,0.0000000000000000,0.0000000000000000,0.0000000000000000,0.0000000000000000,0.0000000000000000,0.0000000000000000,0.0000000000000000,0.0000000000000000,0.0000000000000000,0.0000000000000000,0.0000000000000000,0.0000000000000000,0.0000000000000000,0.0000000000000000,0.0000000000000000,0.0000000000000000,0.0000000000000000,0.0000000000000000,0.0000000000000000,0.0000000000000000
0.0000000000000000,0.0000000000000000,0.0000000000000000,0.0000000000000000,0.0000000000000000,0.0000000000000000,0.0000000000000000,0.0000000000000000,0.0000000000000000,0.0000000000000000,0.0000000000000000,0.0000000000000000,0.0000000000000000,0.0000000000000000,0.0000000000000000,0.0000000000000000,0.0000000000000000,0.0000000000000000,0.0000000000000000,0.0000000000000000,0.0000000000000000,0.0000000000000000,0.0000000000000000,0.0000000000000000,0.0000000000000000,0.0000000000000000,0.0000000000000000,0.0000000000000000
0.0000000000000000,0.0000000000000000,0.0000000000000000,0.0000000000000000,0.0000000000000000,0.0000000000000000,0.0000000000000000,0.0000000000000000,0.0000000000000000,0.0000000000000000,0.0000000000000000,0.0000000000000000,0.0000000000000000,0.0000000000000000,0.0000000000000000,0.0000000000000000,0.0000000000000000,0.0000000000000000,0.0000000000000000,0.0000000000000000,0.0000000000000000,0.0000000000000000,0.0000000000000000,0.0000000000000000,0.0000000000000000,0.0000000000000000,0.0000000000000000,0.0000000000000000
786.1717353015305889,0.0000000000000000,-660.0256817284011959,0.0000000000000000,-171.9081859673252097,734.7522035740854562,0.0000000000000000,2.5352046058861131,0.0000000000000000,-114.5152127930826396,0.0000000000000000,1018.2749123032332363,-340.6943851495759077,0.0000000000000000,-726.5055575877539695,-90.3762381052513604,-1141.2257361064289398,0.0000000000000000,153.4219331005113816,0.0000000000000000,0.0000000000000000,2104.2865371406396662,2083.1461056295656817,97.8731682330487303,-1377.6686132829440794,-780.4236586748620539,0.0000000000000000,396.2442949091862374
0.0000000000000000,0.0000000000000000,0.0000000000000000,0.0000000000000000,0.0000000000000000,0.0000000000000000,0.0000000000000000,0.0000000000000000,0.0000000000000000,0.0000000000000000,0.0000000000000000,0.0000000000000000,0.0000000000000000,0.0000000000000000,0.0000000000000000,0.0000000000000000,0.0000000000000000,0.0000000000000000,0.0000000000000000,0.0000000000000000,0.0000000000000000,0.0000000000000000,0.0000000000000000,0.0000000000000000,0.0000000000000000,0.0000000000000000,0.0000000000000000,0.0000000000000000
0.0000000000000000,0.0000000000000000,0.0000000000000000,0.0000000000000000,0.0000000000000000,0.0000000000000000,0.0000000000000000,0.0000000000000000,0.0000000000000000,0.0000000000000000,0.0000000000000000,0.0000000000000000,0.0000000000000000,0.0000000000000000,0.0000000000000000,0.0000000000000000,0.0000000000000000,0.0000000000000000,0.0000000000000000,0.0000000000000000,0.0000000000000000,0.0000000000000000,0.0000000000000000,0.0000000000000000,0.0000000000000000,0.0000000000000000,0.0000000000000000,0.0000000000000000
387.6085331812650452,0.0000000000000000,-325.4143781429482374,0.0000000000000000,-84.7563920357559226,362.2570121651879731,0.0000000000000000,1.2499392874064703,0.0000000000000000,-56.4597678402198611,0.0000000000000000,502.0430364133558783,-167.9735418626706576,0.0000000000000000,-358.1911443517118983,-44.5584590661752671,-562.6618380413569867,0.0000000000000000,75.6420611129131970,0.0000000000000000,0.0000000000000000,1037.4825008702891864,1027.0595725444782147,48.2546922932365945,-679.2359562502701920,-384.7745422733854070,0.0000000000000000,195.3614751518468609
445.7510315284188209,0.0000000000000000,-374.2275577394570405,0.0000000000000000,-97.4701172558998792,416.5967026724900961,0.0000000000000000,1.4374341094518019,0.0000000000000000,-64.9289104862500750,0.0000000000000000,577.3510699473155228,-193.1701011333321105,0.0000000000000000,-411.9209419067497606,-51.2423679867130275,-647.0628823626055919,0.0000000000000000,86.9886080455529083,0.0000000000000000,0.0000000000000000,1193.1081371197426506,1181.1217367826675400,55.4930478162040401,-781.1234847303001061,-442.4919330762731420,0.0000000000000000,224.6663105043797941
0.0000000000000000,0.0000000000000000,0.0000000000000000,0.0000000000000000,0.0000000000000000,0.0000000000000000,0.0000000000000000,0.0000000000000000,0.0000000000000000,0.0000000000000000,0.0000000000000000,0.0000000000000000,0.0000000000000000,0.0000000000000000,0.0000000000000000,0.0000000000000000,0.0000000000000000,0.0000000000000000,0.0000000000000000,0.0000000000000000,0.0000000000000000,0.0000000000000000,0.0000000000000000,0.0000000000000000,0.0000000000000000,0.0000000000000000,0.0000000000000000,0.0000000000000000
423.2041334731927691,0.0000000000000000,-355.2984470992053616,0.0000000000000000,-92.5399014139661631,395.5244836064056813,0.0000000000000000,1.3647260773115597,0.0000000000000000,-61.6446880795161789,0.0000000000000000,548.1476025508573002,-183.3992060158560378,0.0000000000000000,-391.0852313260282926,-48.6504357972501396,-614.3332646791067191,0.0000000000000000,82.5885660067403649,0.0000000000000000,0.0000000000000000,1132.7585571215536220,1121.3784507183872847,52.6861085084125165,-741.6128379049450814,-420.1098861494909329,0.0000000000000000,213.3022798211147233
554.5294665157822465,0.0000000000000000,-465.5518288700466769,0.0000000000000000,-121.2561459203240162,518.2604883562262330,0.0000000000000000,1.7882169944346551,0.0000000000000000,-80.7737762713303766,0.0000000000000000,718.2443969056508877,-240.3101856230635178,0.0000000000000000,-512.4436826965938963,-63.7472512071253732,-804.9682660932301133,0.0000000000000000,108.2167914385982641,0.0000000000000000,0.0000000000000000,1484.2671625549978671,1469.3556722516066202,69.0352417028394996,-971.7442218478103086,-550.4750370290037154,0.0000000000000000,279.4925429132068757
193.2652781544110780,0.0000000000000000,-162.2546846197281809,0.0000000000000000,-42.2603381502294155,180.6247701640510002,0.0000000000000000,0.6232315425929176,0.0000000000000000,-28.1513738787342547,0.0000000000000000,250.3234030519588202,-83.7531955868709730,0.0000000000000000,-178.5974900434065944,-22.2172688379104635,-280.5485104866909865,0.0000000000000000,37.7158466073386620,0.0000000000000000,0.0000000000000000,517.2985807752130540,512.1016101988988112,24.0602456601403176,-338.6734676344088939,-191.8522235020711832,0.0000000000000000,97.4090779838969496
0.0000000000000000,0.0000000000000000,0.0000000000000000,0.0000000000000000,0.0000000000000000,0.0000000000000000,0.0000000000000000,0.0000000000000000,0.0000000000000000,0.0000000000000000,0.0000000000000000,0.0000000000000000,0.0000000000000000,0.0000000000000000,0.0000000000000000,0.0000000000000000,0.0000000000000000,0.0000000000000000,0.0000000000000000,0.0000000000000000,0.0000000000000000,0.0000000000000000,0.0000000000000000,0.0000000000000000,0.0000000000000000,0.0000000000000000,0.0000000000000000,0.0000000000000000
0.0000000000000000,0.0000000000000000,0.0000000000000000,0.0000000000000000,0.0000000000000000,0.0000000000000000,0.0000000000000000,0.0000000000000000,0.0000000000000000,0.0000000000000000,0.0000000000000000,0.0000000000000000,0.0000000000000000,0.0000000000000000,0.0000000000000000,0.0000000000000000,0.0000000000000000,0.0000000000000000,0.0000000000000000,0.0000000000000000,0.0000000000000000,0.0000000000000000,0.0000000000000000,0.0000000000000000,0.0000000000000000,0.0000000000000000,0.0000000000000000,0.0000000000000000
351.8716180046946533,0.0000000000000000,-295.4116691378487758,0.0000000000000000,-76.9419820484570209,328.8574685338536483,0.0000000000000000,1.1346967928120122,0.0000000000000000,-51.2542634163757711,0.0000000000000000,455.7554346930356246,-152.4866376704785864,0.0000000000000000,-325.1664675272995169,-40.4502371470723858,-510.7852753296332367,0.0000000000000000,68.6679785260652551,0.0000000000000000,0.0000000000000000,941.8281977349171257,932.3662474928801203,43.8056833119290232,-616.6114377594944926,-349.2989167331778617,0.0000000000000000,177.3494453108880577
0.0000000000000000,0.0000000000000000,0.0000000000000000,0.0000000000000000,0.0000000000000000,0.0000000000000000,0.0000000000000000,0.0000000000000000,0.0000000000000000,0.0000000000000000,0.0000000000000000,0.0000000000000000,0.0000000000000000,0.0000000000000000,0.0000000000000000,0.0000000000000000,0.0000000000000000,0.0000000000000000,0.0000000000000000,0.0000000000000000,0.0000000000000000,0.0000000000000000,0.0000000000000000,0.0000000000000000,0.0000000000000000,0.0000000000000000,0.0000000000000000,0.0000000000000000
735.6350316886537257,0.0000000000000000,-617.5979006767179271,0.0000000000000000,-160.8575813058310473,687.5208510926964891,0.0000000000000000,2.3722365443129925,0.0000000000000000,-107.1539441182810606,0.0000000000000000,952.8181486868720640,-318.7938634292525535,0.0000000000000000,-679.8043161308370372,-84.5666713736006415,-1067.8654457382212968,0.0000000000000000,143.5596620308940032,0.0000000000000000,0.0000000000000000,1969.0187575081699833,1949.2372755415156007,91.5816837233064120,-1289.1092982376887903,-730.2564530123465829,0.0000000000000000,370.7729130330131966
570.1783065207657728,0.0000000000000000,-478.6897169786625454,0.0000000000000000,-124.6779983947300252,532.8858165901773418,0.0000000000000000,1.8386805375461264,0.0000000000000000,-83.0532149266112896,0.0000000000000000,738.5132776961949048,-247.0917470611086912,0.0000000000000000,-526.9048604811928271,-65.5462007582930113,-827.6844973592260430,0.0000000000000000,111.2706728954587447,0.0000000000000000,0.0000000000000000,1526.1532312925423867,1510.8209382363959321,70.9834185218297904,-999.1668761370584662,-566.0094608989011249,0.0000000000000000,287.3798317783338803
0.0000000000000000,0.0000000000000000,0.0000000000000000,0.0000000000000000,0.0000000000000000,0.0000000000000000,0.0000000000000000,0.0000000000000000,0.0000000000000000,0.0000000000000000,0.0000000000000000,0.0000000000000000,0.0000000000000000,0.0000000000000000,0.0000000000000000,0.0000000000000000,0.0000000000000000,0.0000000000000000,0.0000000000000000,0.0000000000000000,0.0000000000000000,0.0000000000000000,0.0000000000000000,0.0000000000000000,0.0000000000000000,0.0000000000000000,0.0000000000000000,0.0000000000000000
416.9173845368056277,0.0000000000000000,-350.0204454027913243,0.0000000000000000,-91.1652099098613888,389.6489192393455596,0.0000000000000000,1.3444529052501584,0.0000000000000000,-60.7289487316103020,0.0000000000000000,540.0048031669329021,-180.6747884779364597,0.0000000000000000,-385.2756125921617354,-47.9277276493097375,-605.2072692248273142,0.0000000000000000,81.3617028018858122,0.0000000000000000,0.0000000000000000,1115.9312908193014664,1104.7202372825115617,51.9034499509232177,-730.5960888915395799,-413.8691026338844381,0.0000000000000000,210.1336484805153759
0.0000000000000000,0.0000000000000000,0.0000000000000000,0.0000000000000000,0.0000000000000000,0.0000000000000000,0.0000000000000000,0.0000000000000000,0.0000000000000000,0.0000000000000000,0.0000000000000000,0.0000000000000000,0.0000000000000000,0.0000000000000000,0.0000000000000000,0.0000000000000000,0.0000000000000000,0.0000000000000000,0.0000000000000000,0.0000000000000000,0.0000000000000000,0.0000000000000000,0.0000000000000000,0.0000000000000000,0.0000000000000000,0.0000000000000000,0.0000000000000000,0.0000000000000000
0.0000000000000000,0.0000000000000000,0.0000000000000000,0.0000000000000000,0.0000000000000000,0.0000000000000000,0.0000000000000000,0.0000000000000000,0.0000000000000000,0.0000000000000000,0.0000000000000000,0.0000000000000000,0.0000000000000000,0.0000000000000000,0.0000000000000000,0.0000000000000000,0.0000000000000000,0.0000000000000000,0.0000000000000000,0.0000000000000000,0.0000000000000000,0.0000000000000000,0.0000000000000000,0.0000000000000000,0.0000000000000000,0.0000000000000000,0.0000000000000000,0.0000000000000000
0.0000000000000000,0.0000000000000000,0.0000000000000000,0.0000000000000000,0.0000000000000000,0.0000000000000000,0.0000000000000000,0.0000000000000000,0.0000000000000000,0.0000000000000000,0.0000000000000000,0.0000000000000000,0.0000000000000000,0.0000000000000000,0.0000000000000000,0.0000000000000000,0.0000000000000000,0.0000000000000000,0.0000000000000000,0.0000000000000000,0.0000000000000000,0.0000000000000000,0.0000000000000000,0.0000000000000000,0.0000000000000000,0.0000000000000000,0.0000000000000000,0.0000000000000000
0.0000000000000000,-61.3087842231625473,-728.9475636102142744,0.0000000000000000,0.0000000000000000,0.0000000000000000,0.0000000000000000,0.0000000000000000,-623.1637493903981522,-1135.8048330340825487,0.0000000000000000,0.0000000000000000,543.4777498325383931,0.0000000000000000,0.0000000000000000,0.0000000000000000,0.0000000000000000,428.1156527361454209,0.0000000000000000,0.0000000000000000,0.0000000000000000,0.0000000000000000,0.0000000000000000,0.0000000000000000,0.0000000000000000,1323.6938612582453061,878.0408490284389700,905.3078623612018418
0.0000000000000000,0.0000000000000000,0.0000000000000000,0.0000000000000000,0.0000000000000000,0.0000000000000000,0.0000000000000000,0.0000000000000000,0.0000000000000000,0.0000000000000000,0.0000000000000000,0.0000000000000000,0.0000000000000000,0.0000000000000000,0.0000000000000000,0.0000000000000000,0.0000000000000000,0.0000000000000000,0.0000000000000000,0.0000000000000000,0.0000000000000000,0.0000000000000000,0.0000000000000000,0.0000000000000000,0.0000000000000000,0.0000000000000000,0.0000000000000000,0.0000000000000000
0.0000000000000000,-88.2227655208625947,-1048.9487076974473894,0.0000000000000000,0.0000000000000000,0.0000000000000000,0.0000000000000000,0.0000000000000000,-896.7267911145463586,-1634.4125027416739613,0.0000000000000000,0.0000000000000000,782.0593850753211882,0.0000000000000000,0.0000000000000000,0.0000000000000000,0.0000000000000000,616.0544092616764829,0.0000000000000000,0.0000000000000000,0.0000000000000000,0.0000000000000000,0.0000000000000000,0.0000000000000000,0.0000000000000000,1904.7830522640142590,1263.4925471627502702,1302.7295236285426654
0.0000000000000000,0.0000000000000000,0.0000000000000000,0.0000000000000000,0.0000000000000000,0.0000000000000000,0.0000000000000000,0.0000000000000000,0.0000000000000000,0.0000000000000000,0.0000000000000000,0.0000000000000000,0.0000000000000000,0.0000000000000000,0.0000000000000000,0.0000000000000000,0.0000000000000000,0.0000000000000000,0.0000000000000000,0.0000000000000000,0.0000000000000000,0.0000000000000000,0.0000000000000000,0.0000000000000000,0.0000000000000000,0.0000000000000000,0.0000000000000000,0.0000000000000000
0.0000000000000000,-7.7249776871866516,-91.8482357034008601,0.0000000000000000,0.0000000000000000,0.0000000000000000,0.0000000000000000,0.0000000000000000,-78.5193528219679138,-143.1127219918380433,0.0000000000000000,0.0000000000000000,68.4788247579149356,0.0000000000000000,0.0000000000000000,0.0000000000000000,0.0000000000000000,53.9430671612080914,0.0000000000000000,0.0000000000000000,0.0000000000000000,0.0000000000000000,0.0000000000000000,0.0000000000000000,0.0000000000000000,166.7869567542766163,110.6341620230750777,114.0698372246106373
0.0000000000000000,-55.0197000706893959,-654.1717769366805442,0.0000000000000000,0.0000000000000000,0.0000000000000000,0.0000000000000000,0.0000000000000000,-559.2393165322719142,-1019.2934347695845645,0.0000000000000000,0.0000000000000000,487.7275445886662055,0.0000000000000000,0.0000000000000000,0.0000000000000000,0.0000000000000000,384.1993461062811548,0.0000000000000000,0.0000000000000000,0.0000000000000000,0.0000000000000000,0.0000000000000000,0.0000000000000000,0.0000000000000000,1187.9087173992011230,787.9710024506857735,812.4409526283197920
0.0000000000000000,0.0000000000000000,0.0000000000000000,0.0000000000000000,0.0000000000000000,0.0000000000000000,0.0000000000000000,0.0000000000000000,0.0000000000000000,0.0000000000000000,0.0000000000000000,0.0000000000000000,0.0000000000000000,0.0000000000000000,0.0000000000000000,0.0000000000000000,0.0000000000000000,0.0000000000000000,0.0000000000000000,0.0000000000000000,0.0000000000000000,0.0000000000000000,0.0000000000000000,0.0000000000000000,0.0000000000000000,0.0000000000000000,0.0000000000000000,0.0000000000000000
0.0000000000000000,-40.4772938935311686,-481.2658600083086640,0.0000000000000000,0.0000000000000000,0.0000000000000000,0.0000000000000000,0.0000000000000000,-411.4252557358704507,-749.8812219969695434,0.0000000000000000,0.0000000000000000,358.8149542240571463,0.0000000000000000,0.0000000000000000,0.0000000000000000,0.0000000000000000,282.6505747226183303,0.0000000000000000,0.0000000000000000,0.0000000000000000,0.0000000000000000,0.0000000000000000,0.0000000000000000,0.0000000000000000,873.9293418735032901,579.7002492706815246,597.7024805374385323
0.0000000000000000,0.0000000000000000,0.0000000000000000,0.0000000000000000,0.0000000000000000,0.0000000000000000,0.0000000000000000,0.0000000000000000,0.0000000000000000,0.0000000000000000,0.0000000000000000,0.0000000000000000,0.0000000000000000,0.0000000000000000,0.0000000000000000,0.0000000000000000,0.0000000000000000,0.0000000000000000,0.0000000000000000,0.0000000000000000,0.0000000000000000,0.0000000000000000,0.0000000000000000,0.0000000000000000,0.0000000000000000,0.0000000000000000,0.0000000000000000,0.0000000000000000
0.0000000000000000,-87.2215155961202981,-1037.0440727833192796,0.0000000000000000,0.0000000000000000,0.0000000000000000,0.0000000000000000,0.0000000000000000,-886.5497395698912442,-1615.8633744559483603,0.0000000000000000,0.0000000000000000,773.1837066058506025,0.0000000000000000,0.0000000000000000,0.0000000000000000,0.0000000000000000,609.0627396255149506,0.0000000000000000,0.0000000000000000,0.0000000000000000,0.0000000000000000,0.0000000000000000,0.0000000000000000,0.0000000000000000,1883.1654587044613436,1249.1530304825573694,1287.9447021622036118
0.0000000000000000,0.0000000000000000,0.0000000000000000,0.0000000000000000,0.0000000000000000,0.0000000000000000,0.0000000000000000,0.0000000000000000,0.0000000000000000,0.0000000000000000,0.0000000000000000,0.0000000000000000,0.0000000000000000,0.0000000000000000,0.0000000000000000,0.0000000000000000,0.0000000000000000,0.0000000000000000,0.0000000000000000,0.0000000000000000,0.0000000000000000,0.0000000000000000,0.0000000000000000,0.0000000000000000,0.0000000000000000,0.0000000000000000,0.0000000000000000,0.0000000000000000
0.0000000000000000,-98.9843285944425588,-1176.9012561376439407,0.0000000000000000,0.0000000000000000,0.0000000000000000,0.0000000000000000,0.0000000000000000,-1006.1110511224251240,-1833.7809212293359451,0.0000000000000000,0.0000000000000000,877.4563197563475114,0.0000000000000000,0.0000000000000000,0.0000000000000000,0.0000000000000000,691.2017744897457305,0.0000000000000000,0.0000000000000000,0.0000000000000000,0.0000000000000000,0.0000000000000000,0.0000000000000000,0.0000000000000000,2137.1317304924014024,1417.6155182463844540,1461.6386878740013344
0.0000000000000000,-66.2034952070580403,-787.1445690066902898,0.0000000000000000,0.0000000000000000,0.0000000000000000,0.0000000000000000,0.0000000000000000,-672.9152896885061637,-1226.4841127206163947,0.0000000000000000,0.0000000000000000,586.8673969331102853,0.0000000000000000,0.0000000000000000,0.0000000000000000,0.0000000000000000,462.2951331218209816,0.0000000000000000,0.0000000000000000,0.0000000000000000,0.0000000000000000,0.0000000000000000,0.0000000000000000,0.0000000000000000,1429.3736421267094556,948.1410188899826608,977.5849494679496274
0.0000000000000000,0.0000000000000000,0.0000000000000000,0.0000000000000000,0.0000000000000000,0.0000000000000000,0.0000000000000000,0.0000000000000000,0.0000000000000000,0.0000000000000000,0.0000000000000000,0.0000000000000000,0.0000000000000000,0.0000000000000000,0.0000000000000000,0.0000000000000000,0.0000000000000000,0.0000000000000000,0.0000000000000000,0.0000000000000000,0.0000000000000000,0.0000000000000000,0.0000000000000000,0.0000000000000000,0.0000000000000000,0.0000000000000000,0.0000000000000000,0.0000000000000000
0.0000000000000000,-15.7588148950283085,-187.3687411791033810,0.0000000000000000,0.0000000000000000,0.0000000000000000,0.0000000000000000,0.0000000000000000,-160.1780609478300903,-291.9473668815699057,0.0000000000000000,0.0000000000000000,139.6955651249363655,0.0000000000000000,0.0000000000000000,0.0000000000000000,0.0000000000000000,110.0428822821813810,0.0000000000000000,0.0000000000000000,0.0000000000000000,0.0000000000000000,0.0000000000000000,0.0000000000000000,0.0000000000000000,340.2423780142926262,225.6916914180965250,232.7004067481411766
0.0000000000000000,-2.9283524431117485,-34.8174475459891255,0.0000000000000000,0.0000000000000000,0.0000000000000000,0.0000000000000000,0.0000000000000000,-29.7647900069860043,-54.2505759958767158,0.0000000000000000,0.0000000000000000,25.9586683485026697,0.0000000000000000,0.0000000000000000,0.0000000000000000,0.0000000000000000,20.4485137571955420,0.0000000000000000,0.0000000000000000,0.0000000000000000,0.0000000000000000,0.0000000000000000,0.0000000000000000,0.0000000000000000,63.2249065393007186,41.9387384366518745,43.2411199162570483
0.0000000000000000,-43.4203590224024083,-516.2582380569074303,0.0000000000000000,0.0000000000000000,0.0000000000000000,0.0000000000000000,0.0000000000000000,-441.3395905843935907,-804.4043648004299030,0.0000000000000000,0.0000000000000000,384.9040446230355883,0.0000000000000000,0.0000000000000000,0.0000000000000000,0.0000000000000000,303.2018263035570271,0.0000000000000000,0.0000000000000000,0.0000000000000000,0.0000000000000000,0.0000000000000000,0.0000000000000000,0.0000000000000000,937.4719042278593406,621.8496971392596606,641.1608533361868467
0.0000000000000000,0.0000000000000000,0.0000000000000000,0.0000000000000000,0.0000000000000000,0.0000000000000000,0.0000000000000000,0.0000000000000000,0.0000000000000000,0.0000000000000000,0.0000000000000000,0.0000000000000000,0.0000000000000000,0.0000000000000000,0.0000000000000000,0.0000000000000000,0.0000000000000000,0.0000000000000000,0.0000000000000000,0.0000000000000000,0.0000000000000000,0.0000000000000000,0.0000000000000000,0.0000000000000000,0.0000000000000000,0.0000000000000000,0.0000000000000000,0.0000000000000000
0.0000000000000000,-10.7937381304848259,-128.3351025821029907,0.0000000000000000,0.0000000000000000,0.0000000000000000,0.0000000000000000,0.0000000000000000,-109.7112984470149968,-199.9644926978871808,0.0000000000000000,0.0000000000000000,95.6821536386187290,0.0000000000000000,0.0000000000000000,0.0000000000000000,0.0000000000000000,75.3720417677068326,0.0000000000000000,0.0000000000000000,0.0000000000000000,0.0000000000000000,0.0000000000000000,0.0000000000000000,0.0000000000000000,233.0433572348338203,154.5837698849845765,159.3842728674444515
0.0000000000000000,0.0000000000000000,0.0000000000000000,0.0000000000000000,0.0000000000000000,0.0000000000000000,0.0000000000000000,0.0000000000000000,0.0000000000000000,0.0000000000000000,0.0000000000000000,0.0000000000000000,0.0000000000000000,0.0000000000000000,0.0000000000000000,0.0000000000000000,0.0000000000000000,0.0000000000000000,0.0000000000000000,0.0000000000000000,0.0000000000000000,0.0000000000000000,0.0000000000000000,0.0000000000000000,0.0000000000000000,0.0000000000000000,0.0000000000000000,0.0000000000000000
0.0000000000000000,0.0000000000000000,0.0000000000000000,0.0000000000000000,0.0000000000000000,0.0000000000000000,0.0000000000000000,0.0000000000000000,0.0000000000000000,0.0000000000000000,0.0000000000000000,0.0000000000000000,0.0000000000000000,0.0000000000000000,0.0000000000000000,0.0000000000000000,0.0000000000000000,0.0000000000000000,0.0000000000000000,0.0000000000000000,0.0000000000000000,0.0000000000000000,0.0000000000000000,0.0000000000000000,0.0000000000000000,0.0000000000000000,0.0000000000000000,0.0000000000000000
0.0000000000000000,-48.5671860194443070,-577.4528457685955800,0.0000000000000000,0.0000000000000000,0.0000000000000000,0.0000000000000000,0.0000000000000000,-493.6537254931172356,-899.7543387413898017,0.0000000000000000,0.0000000000000000,430.5285989274889289,0.0000000000000000,0.0000000000000000,0.0000000000000000,0.0000000000000000,339.1418180564214708,0.0000000000000000,0.0000000000000000,0.0000000000000000,0.0000000000000000,0.0000000000000000,0.0000000000000000,0.0000000000000000,1048.5950228358560707,695.5605756625664071,717.1607774200601852
0.0000000000000000,-55.7757397341974865,-663.1609173623146489,0.0000000000000000,0.0000000000000000,0.0000000000000000,0.0000000000000000,0.0000000000000000,-566.9239659241866320,-1033.2998045689309947,0.0000000000000000,0.0000000000000000,494.4295325715283980,0.0000000000000000,0.0000000000000000,0.0000000000000000,0.0000000000000000,389.4787268367654178,0.0000000000000000,0.0000000000000000,0.0000000000000000,0.0000000000000000,0.0000000000000000,0.0000000000000000,0.0000000000000000,1204.2320725942845456,798.7987119943863945,823.6049099682568340
0.0000000000000000,-9.5277609019127567,-113.2829199618354323,0.0000000000000000,0.0000000000000000,0.0000000000000000,0.0000000000000000,0.0000000000000000,-96.8434667586843716,-176.5110337369442277,0.0000000000000000,0.0000000000000000,84.4597739381965766,0.0000000000000000,0.0000000000000000,0.0000000000000000,0.0000000000000000,66.5317968594663398,0.0000000000000000,0.0000000000000000,0.0000000000000000,0.0000000000000000,0.0000000000000000,0.0000000000000000,0.0000000000000000,205.7101405157773115,136.4529304838970347,140.6903915073971802
0.0000000000000000,-40.1209888669272914,-477.0294739123200998,0.0000000000000000,0.0000000000000000,0.0000000000000000,0.0000000000000000,0.0000000000000000,-407.8036478518042713,-743.2803249741555192,0.0000000000000000,0.0000000000000000,355.6564532593693002,0.0000000000000000,0.0000000000000000,0.0000000000000000,0.0000000000000000,280.1625175710942131,0.0000000000000000,0.0000000000000000,0.0000000000000000,0.0000000000000000,0.0000000000000000,0.0000000000000000,0.0000000000000000,866.2365000984282233,574.5973855940246722,592.4411505980096990
0.0000000000000000,-17.8913769658281581,-212.7244213716621744,0.0000000000000000,0.0000000000000000,0.0000000000000000,0.0000000000000000,0.0000000000000000,-181.8541615700523835,-331.4551525512870285,0.0000000000000000,0.0000000000000000,158.5998714213683343,0.0000000000000000,0.0000000000000000,0.0000000000000000,0.0000000000000000,124.9344384353353234,0.0000000000000000,0.0000000000000000,0.0000000000000000,0.0000000000000000,0.0000000000000000,0.0000000000000000,0.0000000000000000,386.2856874297067407,256.2334259342333098,264.1905958642873884
0.0000000000000000,0.0000000000000000,0.0000000000000000,0.0000000000000000,0.0000000000000000,0.0000000000000000,0.0000000000000000,0.0000000000000000,0.0000000000000000,0.0000000000000000,0.0000000000000000,0.0000000000000000,0.0000000000000000,0.0000000000000000,0.0000000000000000,0.0000000000000000,0.0000000000000000,0.0000000000000000,0.0000000000000000,0.0000000000000000,0.0000000000000000,0.0000000000000000,0.0000000000000000,0.0000000000000000,0.0000000000000000,0.0000000000000000,0.0000000000000000,0.0000000000000000
0.0000000000000000,-19.1070124076891261,-227.1780515457212459,0.0000000000000000,0.0000000000000000,0.0000000000000000,0.0000000000000000,0.0000000000000000,-194.2103018758934923,-353.9759809703828068,0.0000000000000000,0.0000000000000000,169.3759914004313032,0.0000000000000000,0.0000000000000000,0.0000000000000000,0.0000000000000000,133.4231495927306241,0.0000000000000000,0.0000000000000000,0.0000000000000000,0.0000000000000000,0.0000000000000000,0.0000000000000000,0.0000000000000000,412.5319944199436577,273.6432896104633983,282.1411120460434176
0.0000000000000000,0.0000000000000000,0.0000000000000000,0.0000000000000000
0.0000000000000000,0.0000000000000000,822.2495727539062500,-822.2495727539062500
0.0000000000000000,0.0000000000000000,2560.7421875000000000,-2560.7421875000000000
0.0000000000000000,0.0000000000000000,0.0000000000000000,0.0000000000000000
0.0000000000000000,0.0000000000000000,0.0000000000000000,0.0000000000000000
0.0000000000000000,0.0000000000000000,0.0000000000000000,0.0000000000000000
0.0000000000000000,0.0000000000000000,0.0000000000000000,0.0000000000000000
0.0000000000000000,0.0000000000000000,0.0000000000000000,0.0000000000000000
0.0000000000000000,0.0000000000000000,4682.1738281250000000,-4682.1738281250000000
0.0000000000000000,0.0000000000000000,78.2210998535156250,-78.2210998535156250
0.0000000000000000,0.0000000000000000,0.0000000000000000,0.0000000000000000
0.0000000000000000,0.0000000000000000,0.0000000000000000,0.0000000000000000
0.0000000000000000,0.0000000000000000,372.2706604003906250,-372.2706604003906250
0.0000000000000000,0.0000000000000000,0.0000000000000000,0.0000000000000000
0.0000000000000000,0.0000000000000000,0.0000000000000000,0.0000000000000000
0.0000000000000000,0.0000000000000000,0.0000000000000000,0.0000000000000000
0.0000000000000000,0.0000000000000000,0.0000000000000000,0.0000000000000000
0.0000000000000000,0.0000000000000000,1674.9780273437500000,-1674.9780273437500000
0.0000000000000000,0.0000000000000000,0.0000000000000000,0.0000000000000000
0.0000000000000000,0.0000000000000000,0.0000000000000000,0.0000000000000000
0.0000000000000000,0.0000000000000000,0.0000000000000000,0.0000000000000000
0.0000000000000000,0.0000000000000000,0.0000000000000000,0.0000000000000000
0.0000000000000000,0.0000000000000000,0.0000000000000000,0.0000000000000000
0.0000000000000000,0.0000000000000000,0.0000000000000000,0.0000000000000000
0.0000000000000000,0.0000000000000000,0.0000000000000000,0.0000000000000000
0.0000000000000000,0.0000000000000000,1882.3186035156250000,-1882.3186035156250000
0.0000000000000000,0.0000000000000000,6305.9589843750000000,-6305.9589843750000000
0.0000000000000000,0.0000000000000000,3104.1406250000000000,-3104.1406250000000000
